path,type,lines,loc,feature,status
src/app/(dashboard)/settings/info/page.tsx,page,399,365,settings,WARNING
src/app/(dashboard)/ag/[id]/resolutions/new/page.tsx,page,388,346,ag,WARNING
src/app/(dashboard)/ag/[id]/designation-roles/page.tsx,page,365,332,ag,WARNING
src/app/(dashboard)/communication/recherche/page.tsx,page,355,328,communication,WARNING
src/app/(dashboard)/ag/[id]/feuille-presence/page.tsx,page,339,302,ag,WARNING
src/app/(dashboard)/ag/[id]/preparation/page.tsx,page,348,301,ag,WARNING
src/app/(dashboard)/finance/fonds-alur/page.tsx,page,315,297,finance,WARNING
src/app/(dashboard)/finance/calls/page.tsx,page,298,283,finance,WARNING
src/app/(dashboard)/finance/budgets/page.tsx,page,320,278,finance,WARNING
src/app/(dashboard)/finance/tantiemes/page.tsx,page,298,277,finance,WARNING
src/app/(dashboard)/ag/dashboard/page.tsx,page,312,272,ag,WARNING
src/app/(dashboard)/finance/appels-fonds/page.tsx,page,316,263,finance,WARNING
src/app/(dashboard)/finance/budgets/validation/page.tsx,page,292,261,finance,WARNING
src/app/(dashboard)/finance/mouvements-bancaires/page.tsx,page,288,259,finance,WARNING
src/app/(dashboard)/maintenance/logbook/page.tsx,page,287,258,maintenance,WARNING
src/app/(dashboard)/finance/factures/new/page.tsx,page,269,244,finance,OK
src/app/(dashboard)/ag/[id]/votes-correspondance/[coproId]/page.tsx,page,271,232,ag,OK
src/app/(dashboard)/ag/[id]/convocation/page.tsx,page,261,229,ag,OK
src/app/(dashboard)/ag/resolutions/page.tsx,page,247,229,ag,OK
src/app/(dashboard)/communication/mail/[id]/page.tsx,page,250,227,communication,OK
src/app/(dashboard)/documents/balance/page.tsx,page,254,226,documents,OK
src/app/(dashboard)/maintenance/contracts/page.tsx,page,258,221,maintenance,OK
src/app/(dashboard)/conseil-syndical/page.tsx,page,238,219,autres,OK
src/app/(dashboard)/ag/[id]/pv/page.tsx,page,242,216,ag,OK
src/app/(dashboard)/maintenance/contracts/[id]/page.tsx,page,236,210,maintenance,OK
src/app/(dashboard)/finance/comptabilite/page.tsx,page,252,209,finance,OK
src/app/(dashboard)/communication/mail/page.tsx,page,233,204,communication,OK
src/app/(dashboard)/maintenance/providers/coproflex/page.tsx,page,218,201,maintenance,OK
src/app/(dashboard)/ag/[id]/agenda/page.tsx,page,212,196,ag,OK
src/app/(dashboard)/finance/page.tsx,page,211,194,finance,OK
src/app/(dashboard)/maintenance/providers/copro/page.tsx,page,207,190,maintenance,OK
src/app/(dashboard)/maintenance/providers/syndic/page.tsx,page,207,190,maintenance,OK
src/app/(dashboard)/ag/[id]/session/page.tsx,page,201,179,ag,OK
src/app/(dashboard)/ventes-impayes/ventes/page.tsx,page,188,175,ventes-impayes,OK
src/app/(dashboard)/communication/evenements/nouveau/page.tsx,page,192,174,communication,OK
src/app/(dashboard)/ventes-impayes/impayes/page.tsx,page,188,171,ventes-impayes,OK
src/app/(dashboard)/ag/[id]/edit/page.tsx,page,184,169,ag,OK
src/app/(dashboard)/communication/mur/nouveau/page.tsx,page,185,168,communication,OK
src/app/(dashboard)/communication/page.tsx,page,180,168,communication,OK
src/app/(dashboard)/communication/mail/nouveau/page.tsx,page,179,163,communication,OK
src/app/(dashboard)/finance/invoices/[id]/page.tsx,page,173,160,finance,OK
src/app/(dashboard)/ventes-impayes/ventes/[id]/page.tsx,page,187,156,ventes-impayes,OK
src/app/(dashboard)/finance/unpaid/reminders/page.tsx,page,163,153,finance,OK
src/app/(dashboard)/finance/releves-individuels/page.tsx,page,177,151,finance,OK
src/app/(dashboard)/communication/evenements/[id]/page.tsx,page,164,149,communication,OK
src/app/(dashboard)/communication/mur/[id]/page.tsx,page,166,149,communication,OK
src/app/(dashboard)/documents/ged/page.tsx,page,171,148,documents,OK
src/app/(dashboard)/ag/[id]/minutes/page.tsx,page,160,141,ag,OK
src/app/(dashboard)/finance/factures/[id]/page.tsx,page,149,137,finance,OK
src/app/(dashboard)/ag/[id]/envoi/page.tsx,page,149,136,ag,OK
src/app/(dashboard)/finance/unpaid/page.tsx,page,144,135,finance,OK
src/app/(dashboard)/ag/new/page.tsx,page,149,131,ag,OK
src/app/(dashboard)/finance/budgets/[id]/page.tsx,page,141,131,finance,OK
src/app/(dashboard)/finance/rapprochement-bancaire/page.tsx,page,157,130,finance,OK
src/app/(dashboard)/documents/expenses/page.tsx,page,147,129,documents,OK
src/app/(dashboard)/analytics/page.tsx,page,138,126,autres,OK
src/app/(dashboard)/maintenance/service-orders/[id]/page.tsx,page,135,124,maintenance,OK
src/app/(dashboard)/maintenance/providers/[id]/page.tsx,page,138,122,maintenance,OK
src/app/(dashboard)/finance/invoices/new/page.tsx,page,135,121,finance,OK
src/app/(dashboard)/ag/[id]/projector/page.tsx,page,131,120,ag,OK
src/app/(dashboard)/legal/disputes/page.tsx,page,132,119,autres,OK
src/app/(dashboard)/assemblees/page.tsx,page,128,116,autres,OK
src/app/(dashboard)/finance/invoices/page.tsx,page,125,115,finance,OK
src/app/(dashboard)/finance/etats-dates/page.tsx,page,120,113,finance,OK
src/app/(dashboard)/finance/budget-works/page.tsx,page,130,110,finance,OK
src/app/(dashboard)/documents/ledger/full/page.tsx,page,128,109,documents,OK
src/app/(dashboard)/ag/resolutions/select-ag/page.tsx,page,118,108,ag,OK
src/app/(dashboard)/maintenance/service-orders/new/page.tsx,page,120,107,maintenance,OK
src/app/(dashboard)/ventes-impayes/page.tsx,page,115,106,ventes-impayes,OK
src/app/(dashboard)/finance/cles-repartition/[id]/page.tsx,page,116,105,finance,OK
src/app/(dashboard)/settings/templates/[id]/page.tsx,page,116,104,settings,OK
src/app/(dashboard)/communication/evenements/page.tsx,page,106,98,communication,OK
src/app/(dashboard)/maintenance/logbook/assurances/[id]/page.tsx,page,109,98,maintenance,OK
src/app/(dashboard)/maintenance/providers/page.tsx,page,108,98,maintenance,OK
src/app/(dashboard)/communication/mur/page.tsx,page,108,96,communication,OK
src/app/(dashboard)/social/events/new/page.tsx,page,107,96,autres,OK
src/app/(dashboard)/maintenance/contracts/new/page.tsx,page,111,95,maintenance,OK
src/app/(dashboard)/sales/page.tsx,page,104,95,sales,OK
src/app/(dashboard)/dashboard/page.tsx,page,102,92,dashboard,OK
src/app/(dashboard)/finance/cles-repartition/new/page.tsx,page,102,91,finance,OK
src/app/(dashboard)/maintenance/service-orders/page.tsx,page,97,89,maintenance,OK
src/app/(dashboard)/documents/ledger/page.tsx,page,97,88,documents,OK
src/app/(dashboard)/conseil-syndical/rapport/[id]/page.tsx,page,95,85,autres,OK
src/app/(dashboard)/finance/transactions/page.tsx,page,90,82,finance,OK
src/app/(dashboard)/finance/transfer/page.tsx,page,92,82,finance,OK
src/app/(dashboard)/ventes-impayes/ventes/nouvelle/page.tsx,page,89,81,ventes-impayes,OK
src/app/(dashboard)/ag/[id]/checklist/page.tsx,page,91,80,ag,OK
src/app/(dashboard)/settings/templates/page.tsx,page,89,78,settings,OK
src/app/(dashboard)/finance/factures/page.tsx,page,77,72,finance,OK
src/app/(dashboard)/social/forum/page.tsx,page,78,72,autres,OK
src/app/(dashboard)/social/forum/new/page.tsx,page,79,70,autres,OK
src/app/(dashboard)/dossiers/page.tsx,page,81,69,dossiers,OK
src/app/(dashboard)/finance/bank-movements/page.tsx,page,78,69,finance,OK
src/app/(dashboard)/finance/cles-repartition/page.tsx,page,81,69,finance,OK
src/app/(dashboard)/social/forum/[id]/page.tsx,page,76,67,autres,OK
src/app/(dashboard)/finance/budget-current/page.tsx,page,73,64,finance,OK
src/app/(dashboard)/settings/page.tsx,page,71,63,settings,OK
src/app/(dashboard)/social/events/page.tsx,page,71,63,autres,OK
src/app/(dashboard)/maintenance/directory/page.tsx,page,67,60,maintenance,OK
src/app/(dashboard)/finance/invoices/payment/[id]/page.tsx,page,66,57,finance,OK
src/app/(dashboard)/documents/page.tsx,page,57,52,documents,OK
src/app/(dashboard)/maintenance/page.tsx,page,57,52,maintenance,OK
src/app/(dashboard)/social/messages/page.tsx,page,58,52,autres,OK
src/app/(dashboard)/coproprietaires/page.tsx,page,59,50,coproprietaires,OK
src/app/(dashboard)/social/messages/[id]/page.tsx,page,56,47,autres,OK
src/app/(dashboard)/portefeuille/page.tsx,page,55,46,portefeuille,OK
src/app/(dashboard)/social/page.tsx,page,51,46,autres,OK
src/app/(dashboard)/finance/invoices/payment/page.tsx,page,47,41,finance,OK
src/app/(dashboard)/ag/page.tsx,page,45,40,ag,OK
src/app/(dashboard)/layout.tsx,layout,41,38,autres,OK
src/app/(dashboard)/communication/messagerie-privee/[id]/page.tsx,page,38,35,communication,OK
src/app/(dashboard)/communication/messagerie-privee/nouveau/page.tsx,page,38,35,communication,OK
src/app/(dashboard)/communication/messagerie-privee/page.tsx,page,38,35,communication,OK
src/app/(dashboard)/documents/closing/page.tsx,page,42,35,documents,OK
src/app/(dashboard)/finance/invoices/payment/confirmation/page.tsx,page,34,31,finance,OK
src/app/layout.tsx,layout,35,30,autres,OK
src/app/page.tsx,page,8,4,autres,OK